序号,链接,节点数
0,https://gitlab.com/colloq168/nodefiltrate/-/raw/main/filtrate?ref_type=heads,24
1,https://n81Q30.absslk.xyz/7c11a516fd4e3df554fb1f445f96b285,38
2,https://raw.githubusercontent.com/Alvin9999/pac2/master/clash.meta2/1/config.yaml,0
3,https://raw.githubusercontent.com/Alvin9999/pac2/master/clash.meta2/13/config.yaml,0
4,https://raw.githubusercontent.com/Alvin9999/pac2/master/clash.meta2/15/config.yaml,0
5,https://raw.githubusercontent.com/Alvin9999/pac2/master/clash.meta2/2/config.yaml,0
6,https://raw.githubusercontent.com/Alvin9999/pac2/master/clash.meta2/config.yaml,0
7,https://raw.githubusercontent.com/Huibq/TrojanLinks/master/links/vmess,0
8,https://raw.githubusercontent.com/Surfboardv2ray/TGParse/main/python/hy2,8
9,https://raw.githubusercontent.com/Surfboardv2ray/TGParse/main/python/hysteria2,49
10,https://raw.githubusercontent.com/qjlxg/hy2/main/splitted/hy2,12
11,https://raw.githubusercontent.com/ripaojiedian/freenode/main/clash,24
12,https://raw.githubusercontent.com/ripaojiedian/freenode/main/sub,23
13,https://raw.githubusercontent.com/zhangkaiitugithub/passcro/main/speednodes.yaml,26
14,https://x6B37I.mcsslk.xyz/d555f1b5234f904d8be082f00e226aaa,37
15,dynamic://peasoft,0

总计,,207
